{"cameraMode":{"drawMode":0,"name":"Shaded","section":"Shading Mode"},"sceneLighting":true,"audioPlay":false,"sceneViewState":{"m_AlwaysRefresh":false,"showFog":true,"showSkybox":true,"showFlares":true,"showImageEffects":true,"showParticleSystems":true,"showVisualEffectGraphs":true,"m_FxEnabled":true},"in2DMode":false,"pivot":{"x":353.61029052734377,"y":211.20028686523438,"z":238.08648681640626},"rotation":{"x":-0.05428273230791092,"y":-0.003897274611517787,"z":0.00021194579312577844,"w":-0.9985190629959106},"size":416.89996337890627,"orthographic":false}