{"cameraMode":{"drawMode":0,"name":"Shaded","section":"Shading Mode"},"sceneLighting":true,"audioPlay":false,"sceneViewState":{"m_AlwaysRefresh":false,"showFog":true,"showSkybox":true,"showFlares":true,"showImageEffects":true,"showParticleSystems":true,"showVisualEffectGraphs":true,"m_FxEnabled":true},"in2DMode":false,"pivot":{"x":200.0831756591797,"y":90.40525817871094,"z":203.9212646484375},"rotation":{"x":-0.048223014920949939,"y":0.053010135889053348,"z":-0.002562819281592965,"w":-0.9974269866943359},"size":747.9481811523438,"orthographic":false}