{"cameraMode":{"drawMode":0,"name":"Shaded","section":"Shading Mode"},"sceneLighting":true,"audioPlay":false,"sceneViewState":{"m_AlwaysRefresh":false,"showFog":true,"showSkybox":true,"showFlares":true,"showImageEffects":true,"showParticleSystems":true,"showVisualEffectGraphs":true,"m_FxEnabled":true},"in2DMode":false,"pivot":{"x":0.6320090293884277,"y":1.0392900705337525,"z":16.756406784057618},"rotation":{"x":-0.09044584631919861,"y":0.8886377215385437,"z":-0.19947224855422975,"w":-0.40293118357658389},"size":2.5467991828918459,"orthographic":false}