{"cameraMode":{"drawMode":0,"name":"Shaded","section":"Shading Mode"},"sceneLighting":true,"audioPlay":false,"sceneViewState":{"m_AlwaysRefresh":false,"showFog":true,"showSkybox":true,"showFlares":true,"showImageEffects":true,"showParticleSystems":true,"showVisualEffectGraphs":true,"m_FxEnabled":true},"in2DMode":false,"pivot":{"x":-253.6548614501953,"y":76.63507080078125,"z":128.95095825195313},"rotation":{"x":0.031819380819797519,"y":-0.9336474537849426,"z":0.34560394287109377,"w":0.09228374063968659},"size":169.64805603027345,"orthographic":false}