{"cameraMode":{"drawMode":0,"name":"Shaded","section":"Shading Mode"},"sceneLighting":true,"audioPlay":false,"sceneViewState":{"m_AlwaysRefresh":false,"showFog":true,"showSkybox":true,"showFlares":true,"showImageEffects":true,"showParticleSystems":true,"showVisualEffectGraphs":true,"m_FxEnabled":true},"in2DMode":false,"pivot":{"x":-0.017416000366210939,"y":1.900115966796875,"z":0.16941547393798829},"rotation":{"x":-0.108549565076828,"y":0.8045483231544495,"z":-0.15514801442623139,"w":-0.5629016160964966},"size":7.7892351150512699,"orthographic":true}