{"cameraMode":{"drawMode":0,"name":"Shaded","section":"Shading Mode"},"sceneLighting":true,"audioPlay":false,"sceneViewState":{"m_AlwaysRefresh":false,"showFog":true,"showSkybox":true,"showFlares":true,"showImageEffects":true,"showParticleSystems":true,"showVisualEffectGraphs":true,"m_FxEnabled":true},"in2DMode":false,"pivot":{"x":1.825714111328125,"y":-0.7174673080444336,"z":2.173368453979492},"rotation":{"x":0.17736463248729707,"y":0.6922142505645752,"z":-0.18141824007034303,"w":0.6757187247276306},"size":14.207169532775879,"orthographic":true}