{"cameraMode":{"drawMode":0,"name":"Shaded","section":"Shading Mode"},"sceneLighting":true,"audioPlay":false,"sceneViewState":{"m_AlwaysRefresh":false,"showFog":true,"showSkybox":true,"showFlares":true,"showImageEffects":true,"showParticleSystems":true,"showVisualEffectGraphs":true,"m_FxEnabled":true},"in2DMode":false,"pivot":{"x":16.714414596557618,"y":1.5942597389221192,"z":-16.56774139404297},"rotation":{"x":0.018072959035634996,"y":0.9773969054222107,"z":-0.18998394906520844,"w":0.09200018644332886},"size":3.316213607788086,"orthographic":true}