{"cameraMode":{"drawMode":0,"name":"Shaded","section":"Shading Mode"},"sceneLighting":true,"audioPlay":false,"sceneViewState":{"m_AlwaysRefresh":false,"showFog":true,"showSkybox":true,"showFlares":true,"showImageEffects":true,"showParticleSystems":true,"showVisualEffectGraphs":true,"m_FxEnabled":true},"in2DMode":false,"pivot":{"x":1.5181999206542969,"y":2.3671224117279054,"z":0.20052821934223176},"rotation":{"x":0.2331511229276657,"y":-0.7116393446922302,"z":0.2752106487751007,"w":0.6029332876205444},"size":12.796186447143555,"orthographic":true}