{"cameraMode":{"drawMode":0,"name":"Shaded","section":"Shading Mode"},"sceneLighting":true,"audioPlay":false,"sceneViewState":{"m_AlwaysRefresh":false,"showFog":true,"showSkybox":true,"showFlares":true,"showImageEffects":true,"showParticleSystems":true,"showVisualEffectGraphs":true,"m_FxEnabled":true},"in2DMode":false,"pivot":{"x":2.3158445358276369,"y":3.5352425575256349,"z":0.43204498291015627},"rotation":{"x":-0.15970662236213685,"y":0.5066474676132202,"z":-0.09612672030925751,"w":-0.8417655229568481},"size":7.9509077072143559,"orthographic":true}