{"cameraMode":{"drawMode":0,"name":"Shaded","section":"Shading Mode"},"sceneLighting":true,"audioPlay":false,"sceneViewState":{"m_AlwaysRefresh":false,"showFog":true,"showSkybox":true,"showFlares":true,"showImageEffects":true,"showParticleSystems":true,"showVisualEffectGraphs":true,"m_FxEnabled":true},"in2DMode":false,"pivot":{"x":3.9551305770874025,"y":3.6952438354492189,"z":1.7419357299804688},"rotation":{"x":0.0014253264525905252,"y":0.9480350017547607,"z":-0.31838369369506838,"w":0.003623338881880045},"size":17.887535095214845,"orthographic":true}