{"cameraMode":{"drawMode":0,"name":"Shaded","section":"Shading Mode"},"sceneLighting":true,"audioPlay":false,"sceneViewState":{"m_AlwaysRefresh":false,"showFog":true,"showSkybox":true,"showFlares":true,"showImageEffects":true,"showParticleSystems":true,"showVisualEffectGraphs":true,"m_FxEnabled":true},"in2DMode":false,"pivot":{"x":16.856008529663087,"y":2.8530802726745607,"z":-17.062135696411134},"rotation":{"x":-0.020146943628787996,"y":0.9768548607826233,"z":-0.10742110759019852,"w":-0.18445096909999848},"size":2.937570571899414,"orthographic":true}