{"cameraMode":{"drawMode":0,"name":"Shaded","section":"Shading Mode"},"sceneLighting":true,"audioPlay":false,"sceneViewState":{"m_AlwaysRefresh":false,"showFog":true,"showSkybox":true,"showFlares":true,"showImageEffects":true,"showParticleSystems":true,"showVisualEffectGraphs":true,"m_FxEnabled":true},"in2DMode":false,"pivot":{"x":-0.22078180313110352,"y":2.1184701919555666,"z":-1.2342017889022828},"rotation":{"x":0.13656023144721986,"y":-0.8219776749610901,"z":0.22159191966056825,"w":0.5065593719482422},"size":2.7544596195220949,"orthographic":false}