{"cameraMode":{"drawMode":0,"name":"Shaded","section":"Shading Mode"},"sceneLighting":true,"audioPlay":false,"sceneViewState":{"m_AlwaysRefresh":false,"showFog":true,"showSkybox":true,"showFlares":true,"showImageEffects":true,"showParticleSystems":true,"showVisualEffectGraphs":true,"m_FxEnabled":true},"in2DMode":false,"pivot":{"x":3.7473440170288088,"y":-3.3410987854003908,"z":-12.003459930419922},"rotation":{"x":0.01385411061346531,"y":0.9841350317001343,"z":-0.15476462244987489,"w":0.08668291568756104},"size":13.081766128540039,"orthographic":false}