{"cameraMode":{"drawMode":0,"name":"Shaded","section":"Shading Mode"},"sceneLighting":true,"audioPlay":false,"sceneViewState":{"m_AlwaysRefresh":false,"showFog":true,"showSkybox":true,"showFlares":true,"showImageEffects":true,"showParticleSystems":true,"showVisualEffectGraphs":true,"m_FxEnabled":true},"in2DMode":false,"pivot":{"x":2.3158445358276369,"y":3.5352425575256349,"z":0.43204498291015627},"rotation":{"x":-0.06706904619932175,"y":0.7565774917602539,"z":-0.0785871371626854,"w":-0.6456968784332275},"size":8.10434341430664,"orthographic":true}