{"cameraMode":{"drawMode":0,"name":"Shaded","section":"Shading Mode"},"sceneLighting":true,"audioPlay":false,"sceneViewState":{"m_AlwaysRefresh":false,"showFog":true,"showSkybox":true,"showFlares":true,"showImageEffects":true,"showParticleSystems":true,"showVisualEffectGraphs":true,"m_FxEnabled":true},"in2DMode":false,"pivot":{"x":2.3158445358276369,"y":3.5352425575256349,"z":0.43204498291015627},"rotation":{"x":-0.006154680158942938,"y":0.7296205759048462,"z":-0.006566810887306929,"w":-0.6837987899780273},"size":7.771089553833008,"orthographic":true}