{"cameraMode":{"drawMode":0,"name":"Shaded","section":"Shading Mode"},"sceneLighting":true,"audioPlay":false,"sceneViewState":{"m_AlwaysRefresh":false,"showFog":true,"showSkybox":true,"showFlares":true,"showImageEffects":true,"showParticleSystems":true,"showVisualEffectGraphs":true,"m_FxEnabled":true},"in2DMode":false,"pivot":{"x":-0.26810169219970705,"y":3.682710647583008,"z":0.14802205562591554},"rotation":{"x":-0.14081227779388429,"y":0.6565001010894775,"z":-0.12659482657909394,"w":-0.7301881313323975},"size":7.405610084533691,"orthographic":true}