{"cameraMode":{"drawMode":0,"name":"Shaded","section":"Shading Mode"},"sceneLighting":false,"audioPlay":false,"sceneViewState":{"m_AlwaysRefresh":false,"showFog":true,"showSkybox":false,"showFlares":true,"showImageEffects":true,"showParticleSystems":true,"showVisualEffectGraphs":true,"m_FxEnabled":true},"in2DMode":false,"pivot":{"x":336.3069152832031,"y":276.46856689453127,"z":-39.626129150390628},"rotation":{"x":-0.025184549391269685,"y":-0.015314490534365178,"z":-0.00038451675209216774,"w":0.9995715618133545},"size":196.52198791503907,"orthographic":false}