{"cameraMode":{"drawMode":0,"name":"Shaded","section":"Shading Mode"},"sceneLighting":false,"audioPlay":false,"sceneViewState":{"m_AlwaysRefresh":false,"showFog":true,"showSkybox":false,"showFlares":true,"showImageEffects":true,"showParticleSystems":true,"showVisualEffectGraphs":true,"m_FxEnabled":true},"in2DMode":false,"pivot":{"x":5.969999313354492,"y":0.47499996423721316,"z":0.48000001907348635},"rotation":{"x":0.3111303150653839,"y":0.663413941860199,"z":-0.35583192110061648,"w":0.5800872445106506},"size":12.837966918945313,"orthographic":false}