{"cameraMode":{"drawMode":0,"name":"Shaded","section":"Shading Mode"},"sceneLighting":false,"audioPlay":false,"sceneViewState":{"m_AlwaysRefresh":false,"showFog":true,"showSkybox":false,"showFlares":true,"showImageEffects":true,"showParticleSystems":true,"showVisualEffectGraphs":true,"m_FxEnabled":true},"in2DMode":false,"pivot":{"x":16.77007293701172,"y":3.0665197372436525,"z":-16.975000381469728},"rotation":{"x":0.14973954856395722,"y":0.03449424356222153,"z":-0.004028932191431522,"w":0.988405168056488},"size":4.356718063354492,"orthographic":false}