{"cameraMode":{"drawMode":0,"name":"Shaded","section":"Shading Mode"},"sceneLighting":true,"audioPlay":false,"sceneViewState":{"m_AlwaysRefresh":false,"showFog":true,"showSkybox":true,"showFlares":true,"showImageEffects":true,"showParticleSystems":true,"showVisualEffectGraphs":true,"m_FxEnabled":true},"in2DMode":false,"pivot":{"x":1.3521597385406495,"y":-12.87148666381836,"z":13.927534103393555},"rotation":{"x":-0.36368444561958315,"y":0.02011638693511486,"z":-0.007856601849198342,"w":-0.9312754273414612},"size":17.114694595336915,"orthographic":false}